City_ID,City,Country,Lat,Lng,Max Temp,Humidity,Cloudiness,Wind Speed,Weather Descp
0,Worland,US,44.02,-107.96,26.01,73,90,16.11,overcast clouds
1,Dingle,PH,11.0,122.67,76.98,91,65,5.44,broken clouds
2,Bendigo,AU,-36.77,144.28,53.19,83,81,6.08,light rain
3,Bredasdorp,ZA,-34.53,20.04,64.4,82,4,9.17,clear sky
4,Albany,US,42.6,-73.97,69.01,65,32,2.21,scattered clouds
5,Almeirim,BR,-1.52,-52.58,97.09,36,32,5.82,scattered clouds
6,Clyde River,CA,70.47,-68.59,15.8,78,1,3.36,clear sky
7,Samarai,PG,-10.62,150.67,79.81,84,65,7.4,light rain
8,Maunabo,PR,18.01,-65.9,87.01,76,100,4.0,overcast clouds
9,Rikitea,PF,-23.12,-134.97,73.96,78,99,14.25,light rain
10,Barcelos,PT,41.54,-8.62,62.01,77,40,3.36,scattered clouds
11,Riyadh,SA,24.69,46.72,77.0,23,0,3.36,clear sky
12,Tura,IN,25.52,90.22,70.54,98,100,3.02,overcast clouds
13,Busselton,AU,-33.65,115.33,53.01,58,0,10.74,clear sky
14,Ca Mau,VN,9.18,105.15,74.59,97,100,4.56,heavy intensity rain
15,Mataura,NZ,-46.19,168.86,50.0,90,100,1.99,overcast clouds
16,Mae Sot,TH,16.72,98.57,71.44,91,94,1.32,overcast clouds
17,Avarua,CK,-21.21,-159.78,75.2,88,98,5.82,overcast clouds
18,Ushuaia,AR,-54.8,-68.3,48.2,57,75,25.28,broken clouds
19,Punta Arenas,CL,-53.15,-70.92,53.6,50,75,13.87,broken clouds
20,Qaanaaq,GL,77.48,-69.36,18.41,94,100,3.09,light snow
21,Khatanga,RU,71.97,102.5,6.75,92,100,8.72,overcast clouds
22,Bengkulu,ID,-3.8,102.27,76.51,80,100,2.8,heavy intensity rain
23,Sorland,NO,67.67,12.69,41.0,65,75,10.29,shower rain
24,Dongli,CN,23.57,116.82,69.8,68,20,6.71,few clouds
25,New Norfolk,AU,-42.78,147.06,51.01,84,85,2.04,overcast clouds
26,Hvide Sande,DK,56.0,8.13,53.01,78,58,7.0,broken clouds
27,Cape Town,ZA,-33.93,18.42,64.0,82,0,17.22,clear sky
28,Saint-Philippe,RE,-21.36,55.77,75.2,73,0,17.22,clear sky
29,Puerto Ayora,EC,-0.74,-90.35,77.0,78,75,19.46,broken clouds
30,Saskylakh,RU,71.92,114.08,3.94,92,92,10.76,overcast clouds
31,Victoria,HK,22.29,114.16,75.0,55,100,3.0,overcast clouds
32,Kruisfontein,ZA,-34.0,24.73,71.01,66,0,3.0,clear sky
33,Hilo,US,19.73,-155.09,71.01,52,1,9.17,clear sky
34,Castro,BR,-24.79,-50.01,77.2,47,0,8.39,clear sky
35,Taganak,PH,6.08,118.3,80.6,88,20,4.18,few clouds
36,Beringovskiy,RU,63.05,179.32,38.25,85,21,12.21,few clouds
37,Namatanai,PG,-3.67,152.43,79.86,79,82,9.44,broken clouds
38,Barrow,US,71.29,-156.79,35.6,94,90,17.22,mist
39,Tornio,FI,65.85,24.15,32.0,95,90,6.93,overcast clouds
40,Erdenet,MN,49.03,104.08,29.89,91,0,3.62,clear sky
41,Codrington,AU,-38.27,141.97,52.25,95,100,4.16,light rain
42,Klaksvik,FO,62.23,-6.59,39.2,67,93,13.87,overcast clouds
43,Caravelas,BR,-17.71,-39.25,80.49,68,74,6.8,broken clouds
44,Camacha,PT,33.08,-16.33,68.0,64,20,12.75,few clouds
45,Cabo San Lucas,MX,22.89,-109.91,91.4,55,5,8.05,clear sky
46,Longyearbyen,SJ,78.22,15.64,19.4,73,20,3.36,few clouds
47,Flin Flon,CA,54.77,-101.86,28.4,63,75,11.41,broken clouds
48,Lavrentiya,RU,65.58,-171.0,34.92,88,4,4.81,clear sky
49,Tateyama,JP,34.98,139.87,64.0,74,99,4.0,overcast clouds
50,Atuona,PF,-9.8,-139.03,77.4,79,38,18.72,light rain
51,Norman Wells,CA,65.28,-126.83,15.8,100,90,2.24,fog
52,Katangli,RU,51.71,143.23,46.69,94,99,5.1,overcast clouds
53,Lagoa,PT,39.05,-27.98,64.36,72,76,11.56,broken clouds
54,Coihaique,CL,-45.58,-72.07,60.8,26,0,5.82,clear sky
55,Cidreira,BR,-30.18,-50.21,66.74,84,99,22.68,overcast clouds
56,Veydelevka,RU,50.15,38.45,52.56,60,98,8.88,overcast clouds
57,Carnarvon,AU,-24.87,113.63,68.0,82,0,18.34,clear sky
58,Mahebourg,MU,-20.41,57.7,75.2,73,40,9.17,scattered clouds
59,Torbay,CA,47.67,-52.73,59.0,93,90,23.04,overcast clouds
60,Hami,CN,42.8,93.45,49.14,48,17,2.24,few clouds
61,Bria,CF,6.54,21.99,70.12,94,49,0.89,light rain
62,Riohacha,CO,11.54,-72.91,85.41,77,79,7.9,broken clouds
63,Yulara,AU,-25.24,130.99,71.6,49,0,13.87,clear sky
64,San Carlos,VE,9.66,-68.58,86.59,71,30,5.01,scattered clouds
65,Nikolskoye,RU,59.7,30.79,46.4,87,90,6.71,light intensity shower rain
66,Ilulissat,GL,69.22,-51.1,28.4,79,75,11.41,light shower snow
67,Weligama,LK,5.97,80.42,79.3,85,54,10.25,light rain
68,Masindi,UG,1.67,31.71,67.28,91,98,1.81,overcast clouds
69,The Valley,AI,18.22,-63.06,89.6,79,40,10.29,scattered clouds
70,Inhambane,MZ,-23.86,35.38,75.2,73,20,4.7,few clouds
71,Kungurtug,RU,50.6,97.52,30.34,83,10,2.59,clear sky
72,Quiruvilca,PE,-7.97,-78.2,51.28,63,54,7.63,light rain
73,Tiksi,RU,71.69,128.87,5.74,93,8,6.91,clear sky
74,Kaitangata,NZ,-46.28,169.85,48.63,78,100,3.74,moderate rain
75,Kavieng,PG,-2.57,150.8,81.66,77,76,12.93,light rain
76,Provideniya,RU,64.38,-173.3,34.14,91,7,12.46,clear sky
77,Richards Bay,ZA,-28.78,32.04,69.62,84,92,9.75,overcast clouds
78,Dikson,RU,73.51,80.55,25.61,96,97,11.27,overcast clouds
79,San Patricio,US,28.02,-97.52,82.99,78,90,11.41,overcast clouds
80,Praia,CV,14.92,-23.51,86.0,62,20,21.92,few clouds
81,Vaini,TO,-21.2,-175.2,71.6,83,20,5.82,few clouds
82,Kahului,US,20.89,-156.47,75.99,60,1,6.93,clear sky
83,Svetlogorsk,BY,52.63,29.73,52.81,82,56,11.16,broken clouds
84,Fukue,JP,32.69,128.84,62.31,67,78,32.39,broken clouds
85,Lengshuitan,CN,26.41,111.6,59.23,75,0,3.71,clear sky
86,Chokurdakh,RU,70.63,147.92,2.23,94,48,9.44,scattered clouds
87,Tasiilaq,GL,65.61,-37.64,37.4,64,100,34.45,light intensity shower rain
88,Kasongo,CD,-4.45,26.67,71.19,95,99,0.69,moderate rain
89,Dharchula,IN,29.85,80.53,57.0,42,1,5.59,clear sky
90,Axim,GH,4.87,-2.24,78.87,84,26,6.89,scattered clouds
91,Mbandaka,CD,0.05,18.26,74.48,90,91,1.72,overcast clouds
92,Bethel,US,41.37,-73.41,71.01,73,90,3.36,overcast clouds
93,Arraial Do Cabo,BR,-22.97,-42.03,78.8,57,40,17.22,scattered clouds
94,Marsaxlokk,MT,35.84,14.54,68.0,63,20,3.36,few clouds
95,Los Llanos De Aridane,ES,28.66,-17.92,73.4,56,75,6.93,broken clouds
96,Jamestown,US,42.1,-79.24,64.0,100,90,4.7,mist
97,Mar Del Plata,AR,-38.0,-57.56,55.99,93,90,10.29,drizzle
98,Vostok,RU,46.49,135.88,30.45,98,95,1.5,overcast clouds
99,Sungairaya,ID,0.7,108.9,79.79,83,99,4.99,overcast clouds
100,Anqing,CN,30.51,117.05,55.71,46,0,5.59,light rain
101,Souillac,MU,-20.52,57.52,75.2,73,40,9.17,scattered clouds
102,Belgrade,RS,44.8,20.47,57.2,62,0,1.9,clear sky
103,Turmalina,BR,-17.29,-42.73,81.37,53,92,5.82,overcast clouds
104,Vardo,NO,70.37,31.11,37.4,73,75,18.34,broken clouds
105,Sao Filipe,CV,14.9,-24.5,81.37,74,4,9.31,clear sky
106,Faanui,PF,-16.48,-151.75,78.57,77,18,10.58,few clouds
107,Cururupu,BR,-1.83,-44.87,82.67,77,93,6.2,light rain
108,Vao,NC,-22.67,167.48,73.49,87,90,16.69,overcast clouds
109,Beidao,CN,34.57,105.89,49.26,50,0,3.69,clear sky
110,Bagdarin,RU,54.43,113.6,23.14,90,2,1.57,clear sky
111,Creel,MX,27.75,-107.63,68.31,28,0,12.15,clear sky
112,Saint George,US,37.1,-113.58,60.8,21,1,2.26,clear sky
113,Avera,US,33.19,-82.53,78.8,74,90,9.17,overcast clouds
114,Nicolas De Pierola,PE,-11.95,-76.7,68.0,68,40,10.29,scattered clouds
115,Leningradskiy,RU,69.38,178.42,29.26,92,0,5.97,clear sky
116,Laguna,US,38.42,-121.42,69.01,25,1,17.22,clear sky
117,Itarema,BR,-2.92,-39.92,86.27,61,52,19.86,broken clouds
118,Porterville,US,36.07,-119.02,73.99,43,1,3.36,clear sky
119,Ambilobe,MG,-13.2,49.05,76.71,62,0,6.87,clear sky
120,Kamenka,RU,51.32,42.77,43.0,82,98,8.66,light rain
121,Hermanus,ZA,-34.42,19.23,64.0,81,0,4.0,clear sky
122,Bathsheba,BB,13.22,-59.52,87.8,66,40,13.87,scattered clouds
123,Chuy,UY,-33.7,-53.46,61.72,81,100,16.75,overcast clouds
124,Cortez,US,37.35,-108.59,66.0,18,1,12.53,clear sky
125,Byron Bay,AU,-28.65,153.62,64.4,88,90,3.69,overcast clouds
126,Butaritari,KI,3.07,172.79,81.46,76,51,9.6,broken clouds
127,Bramsche,DE,52.4,7.98,57.99,89,51,3.0,broken clouds
128,Port Blair,IN,11.67,92.75,80.94,84,38,12.15,moderate rain
129,East London,ZA,-33.02,27.91,69.8,83,0,9.17,clear sky
130,Wad Rawah,SD,15.16,33.14,90.23,18,1,7.14,clear sky
131,Raudeberg,NO,61.99,5.14,43.0,74,32,23.26,scattered clouds
132,Limon,CR,10.0,-83.03,86.0,66,0,5.82,clear sky
133,Taltal,CL,-25.4,-70.48,64.13,57,37,8.57,scattered clouds
134,Umm Kaddadah,SD,13.6,26.69,90.9,11,0,9.17,clear sky
135,Balasesti,RO,46.1,27.67,57.65,36,2,2.28,clear sky
136,Sungaipenuh,ID,-2.08,101.38,65.88,78,100,2.75,light rain
137,Yellowknife,CA,62.46,-114.35,23.0,85,90,8.05,light snow
138,Chissamba,AO,-12.17,17.33,70.03,68,91,3.94,overcast clouds
139,Ancud,CL,-41.87,-73.82,63.0,51,0,6.93,clear sky
140,Belz,FR,47.68,-3.17,59.0,78,0,2.93,clear sky
141,Upernavik,GL,72.79,-56.15,25.34,97,100,9.55,light snow
142,Muroto,JP,33.28,134.15,71.64,91,100,17.16,light rain
143,Meulaboh,ID,4.14,96.13,77.65,85,100,4.21,overcast clouds
144,Sechelt,CA,49.47,-123.77,46.0,84,98,1.01,overcast clouds
145,Oistins,BB,13.07,-59.53,87.8,66,40,13.87,scattered clouds
146,Seoul,KR,37.57,126.98,48.2,52,1,12.48,clear sky
147,Bluff,NZ,-46.6,168.33,50.0,90,100,1.99,light rain
148,Thompson,CA,55.74,-97.86,30.2,68,75,10.29,broken clouds
149,Petropavlovsk-Kamchatskiy,RU,53.05,158.65,28.4,79,64,4.47,broken clouds
150,Ribeira Grande,PT,38.52,-28.7,66.2,59,75,9.17,broken clouds
151,Faya,SA,18.39,42.45,69.8,9,0,13.87,clear sky
152,Severo-Kurilsk,RU,50.68,156.12,43.07,78,100,6.4,overcast clouds
153,Broome,US,42.25,-75.83,69.8,73,90,5.82,overcast clouds
154,Ahipara,NZ,-35.17,173.17,59.05,93,87,6.15,light rain
155,Lehtmetsa,EE,59.32,25.35,53.6,93,90,19.46,overcast clouds
156,Guerrero Negro,MX,27.98,-114.06,73.22,61,72,9.15,broken clouds
157,Sawakin,SD,19.11,37.33,82.42,67,0,4.92,clear sky
158,Xingyi,CN,24.19,102.82,44.2,76,84,2.62,broken clouds
159,Lorengau,PG,-2.02,147.27,80.98,74,19,6.93,light rain
160,Quatre Cocos,MU,-20.21,57.76,75.2,73,40,9.17,scattered clouds
161,Half Moon Bay,US,37.46,-122.43,71.01,77,5,1.59,clear sky
162,Kyra,RU,49.58,111.98,28.38,91,0,2.35,clear sky
163,Lubango,AO,-14.92,13.49,80.6,66,20,9.17,few clouds
164,Jutai,BR,-5.18,-68.9,77.38,88,100,2.91,overcast clouds
165,Uchiza,PE,-8.46,-76.46,81.7,68,73,1.34,light rain
166,Hithadhoo,MV,-0.6,73.08,83.34,75,5,16.4,clear sky
167,Wattegama,LK,6.8,81.48,77.36,75,26,4.99,scattered clouds
168,Kapaa,US,22.08,-159.32,73.4,88,20,2.95,few clouds
169,Corat,AZ,40.57,49.71,62.6,72,40,6.93,scattered clouds
170,Lompoc,US,34.64,-120.46,60.8,87,90,5.46,overcast clouds
171,Fortuna,US,40.6,-124.16,55.0,71,1,8.05,clear sky
172,Pangkalanbuun,ID,-2.68,111.62,75.07,95,32,1.36,scattered clouds
173,Yar-Sale,RU,66.83,70.83,18.73,97,98,9.95,overcast clouds
174,Saldanha,ZA,-33.01,17.94,64.4,68,25,10.29,scattered clouds
175,Sorong,ID,-0.88,131.25,78.66,87,20,5.68,few clouds
176,Mayo,US,38.89,-76.51,81.0,94,1,6.93,clear sky
177,Necochea,AR,-38.55,-58.74,55.0,96,99,4.0,overcast clouds
178,Saint-Augustin,CA,51.23,-58.65,49.1,63,94,19.75,overcast clouds
179,Gat,IL,31.61,34.76,79.0,61,0,2.24,clear sky
180,Margate,GB,51.38,1.39,57.0,77,2,1.99,clear sky
181,San Quintin,MX,30.48,-115.95,67.82,69,100,4.76,overcast clouds
182,Bambous Virieux,MU,-20.34,57.76,75.2,73,40,9.17,scattered clouds
183,Tuktoyaktuk,CA,69.45,-133.04,21.2,92,90,14.99,light snow
184,Kiknur,RU,57.3,47.2,29.34,94,89,3.42,overcast clouds
185,Tutoia,BR,-2.76,-42.27,85.24,69,23,15.77,few clouds
186,Sao Felix Do Xingu,BR,-6.64,-51.99,97.97,32,71,6.15,heavy intensity rain
187,Kabo,CF,7.7,18.63,73.94,91,97,3.62,overcast clouds
188,Jamame,SO,0.07,42.75,79.18,82,27,10.11,scattered clouds
189,Harper,LR,4.38,-7.72,79.16,84,67,6.67,broken clouds
190,Bumba,CD,2.18,22.47,72.19,95,100,1.57,overcast clouds
191,Port Alfred,ZA,-33.59,26.89,67.89,88,0,14.58,clear sky
192,Great Falls,US,47.5,-111.3,18.0,78,90,6.93,overcast clouds
193,Te Anau,NZ,-45.42,167.72,43.97,83,100,2.66,light rain
194,Saint-Georges,GD,12.06,-61.75,87.8,70,40,23.04,scattered clouds
195,Atasu,KZ,48.68,71.64,38.5,70,100,11.07,overcast clouds
196,Nara,JP,34.69,135.8,64.99,98,100,4.7,light rain
197,Nyurba,RU,63.28,118.33,19.72,96,83,6.8,broken clouds
198,Vestmannaeyjar,IS,63.44,-20.27,42.8,87,75,47.2,moderate rain
199,Mangrol,IN,21.12,70.12,82.6,71,61,10.78,broken clouds
200,Auki,SB,-8.77,160.7,77.74,79,100,2.57,moderate rain
201,Megion,RU,61.03,76.11,28.4,92,90,6.71,light snow
202,Hobart,AU,-42.88,147.33,51.8,87,90,6.93,overcast clouds
203,Basco,PH,20.45,121.97,81.0,85,100,33.93,overcast clouds
204,Kieta,PG,-6.22,155.63,79.95,78,98,4.03,light rain
205,Hambantota,LK,6.12,81.12,79.88,81,65,15.12,broken clouds
206,Pundaguitan,PH,6.37,126.17,83.17,78,99,9.15,overcast clouds
207,Kavaratti,IN,10.57,72.64,80.85,77,77,15.73,broken clouds
208,Kodiak,US,57.79,-152.41,46.4,70,90,20.8,overcast clouds
209,Stephenville,US,32.22,-98.2,82.0,57,75,14.99,broken clouds
210,Salina,US,38.84,-97.61,78.8,57,75,23.04,broken clouds
211,Phan Thiet,VN,10.93,108.1,75.78,88,100,3.29,overcast clouds
212,Aksha,RU,50.28,113.29,28.27,93,0,2.01,clear sky
213,Buenavista,PH,8.98,125.41,77.85,84,100,2.93,overcast clouds
214,Lahij,YE,13.17,44.58,83.23,38,61,3.0,broken clouds
215,Saumur,FR,47.33,-0.25,62.6,82,75,4.34,broken clouds
216,Itaguai,BR,-22.85,-43.78,78.8,57,40,19.46,scattered clouds
217,Rocha,UY,-34.48,-54.33,59.22,86,100,12.55,overcast clouds
218,Rio Gallegos,AR,-51.62,-69.22,60.8,38,40,12.75,scattered clouds
219,Cayenne,GF,4.93,-52.33,91.4,55,23,10.29,few clouds
220,Iguape,BR,-24.71,-47.56,76.84,71,2,11.59,clear sky
221,Opuwo,NA,-18.06,13.84,74.71,37,67,9.84,broken clouds
222,Wencheng,CN,33.06,113.8,55.98,46,0,2.48,clear sky
223,Tyulgan,RU,52.34,56.17,27.57,94,61,8.63,light snow
224,Bubaque,GW,11.28,-15.83,83.37,78,5,9.75,light rain
225,Lata,PT,40.16,-8.33,62.01,77,0,1.01,clear sky
226,Crewe,GB,53.1,-2.44,50.0,73,61,1.99,broken clouds
227,Pimenta Bueno,BR,-11.67,-61.19,98.73,35,53,2.13,broken clouds
228,Saky,UA,45.14,33.6,60.75,77,0,9.4,clear sky
229,Airai,TL,-8.93,125.41,61.21,100,72,0.63,broken clouds
230,Ponta Do Sol,PT,32.67,-17.1,69.8,56,40,2.24,scattered clouds
231,Praia Da Vitoria,PT,38.73,-27.07,68.0,82,20,10.31,few clouds
232,Esperance,AU,-33.87,121.9,55.4,100,75,4.7,broken clouds
233,Murliganj,IN,25.9,86.98,75.96,86,34,6.58,scattered clouds
234,Piney Green,US,34.72,-77.32,82.0,54,40,9.17,scattered clouds
235,Tucuma,BR,-0.18,-50.05,90.12,52,73,10.02,broken clouds
236,Kysyl-Syr,RU,63.9,122.76,12.36,95,31,5.48,scattered clouds
237,Port Shepstone,ZA,-30.74,30.45,69.37,86,48,25.77,scattered clouds
238,Georgetown,MY,5.41,100.34,78.8,88,20,3.36,few clouds
239,Pevek,RU,69.7,170.31,29.61,96,0,20.2,clear sky
240,Tromso,NO,69.65,18.96,32.0,91,75,8.05,broken clouds
241,Hovd,MN,48.01,91.64,35.55,70,59,1.5,broken clouds
242,Okato,NZ,-39.2,173.88,50.0,94,0,5.99,clear sky
243,Lebu,CL,-37.62,-73.65,54.48,71,7,13.65,clear sky
244,Mont-Joli,CA,48.58,-68.19,46.4,65,75,17.22,broken clouds
245,Maloy,NO,61.94,5.11,44.6,80,20,13.87,few clouds
246,Asau,RO,46.43,26.4,55.0,67,0,5.7,clear sky
247,Bell Ville,AR,-32.63,-62.69,64.99,88,99,1.99,moderate rain
248,Vanimo,PG,-2.67,141.3,76.41,78,96,1.79,overcast clouds
249,Almaznyy,RU,48.04,40.05,59.0,72,20,11.18,few clouds
250,Balsas,BR,-7.53,-46.04,104.41,15,2,7.34,clear sky
251,Tabou,CI,4.42,-7.35,78.96,85,45,6.82,scattered clouds
252,Timizart,DZ,36.8,4.27,70.7,38,68,6.26,broken clouds
253,Batemans Bay,AU,-35.72,150.18,60.01,98,61,3.58,broken clouds
254,Hualmay,PE,-11.1,-77.61,70.41,65,70,11.1,broken clouds
255,Altay,CN,47.87,88.12,42.53,51,20,5.28,few clouds
256,Gazojak,TM,41.19,61.4,46.56,55,60,8.19,broken clouds
257,Nanortalik,GL,60.14,-45.24,32.23,83,0,22.17,clear sky
258,Sitka,US,57.05,-135.33,35.6,37,1,5.82,clear sky
259,Bulgan,MN,48.81,103.53,32.27,82,0,2.59,clear sky
260,Ocampo,MX,21.65,-101.5,70.7,29,0,5.86,clear sky
261,Kyshtovka,RU,56.55,76.63,31.78,94,81,4.59,broken clouds
262,Cam Ranh,VN,11.92,109.16,82.4,78,40,4.7,scattered clouds
263,Mount Isa,AU,-20.73,139.5,73.4,83,90,3.36,overcast clouds
264,Luderitz,NA,-26.65,15.16,60.55,78,0,11.41,clear sky
265,Cambridge,CA,43.36,-80.31,52.0,93,90,5.82,overcast clouds
266,Gamba,GA,-2.65,10.0,76.77,87,63,7.29,broken clouds
267,Mirnyy,RU,62.54,113.96,28.4,92,90,6.71,mist
268,Never,FR,46.99,3.16,59.0,93,100,2.24,overcast clouds
269,Punta Alta,AR,-38.88,-62.07,66.63,60,83,7.23,broken clouds
270,General Roca,AR,-39.03,-67.58,66.2,55,0,6.93,clear sky
271,Katsuura,JP,35.13,140.3,64.4,77,75,12.75,shower rain
272,Qaqortoq,GL,60.72,-46.03,28.4,63,20,3.36,few clouds
273,Cherskiy,RU,68.75,161.3,18.19,94,27,5.3,scattered clouds
274,Sabha,LY,27.04,14.43,76.84,33,0,9.53,clear sky
275,Husavik,IS,66.04,-17.34,41.0,65,90,5.82,overcast clouds
276,Deputatskiy,RU,69.3,139.9,0.34,91,3,3.22,clear sky
277,Erzin,TR,36.96,36.2,78.01,72,0,1.95,clear sky
278,Ishigaki,JP,24.34,124.16,73.87,84,100,30.2,overcast clouds
279,Marzuq,YE,14.4,46.47,73.49,20,89,4.99,overcast clouds
280,Nioro,GM,13.35,-15.75,90.52,45,27,2.42,scattered clouds
281,Pryozerne,UA,45.27,36.33,59.41,77,0,9.51,clear sky
282,Hasaki,JP,35.73,140.83,61.0,100,75,8.05,light rain
283,Alofi,NU,-19.06,-169.92,73.4,94,100,12.75,overcast clouds
284,Oktyabrskiy,RU,54.48,53.47,28.04,97,70,7.43,broken clouds
285,Massakory,TD,13.0,15.73,92.17,11,0,10.31,clear sky
286,Severo-Yeniseyskiy,RU,60.37,93.04,34.43,97,100,17.58,overcast clouds
287,Bonthe,SL,7.53,-12.51,81.28,79,92,8.52,light rain
288,Newton,US,42.34,-71.21,75.2,72,10,4.7,clear sky
289,Ialibu,PG,-6.28,143.99,56.26,98,100,1.32,overcast clouds
290,Mount Gambier,AU,-37.83,140.77,53.6,93,90,3.36,light rain
291,Grindavik,IS,63.84,-22.43,42.8,81,75,34.45,broken clouds
292,Puno,PE,-15.83,-70.03,53.6,62,75,11.41,broken clouds
293,Pleshanovo,RU,52.83,53.48,30.09,92,53,7.16,broken clouds
294,Marawi,PH,8.0,124.29,77.0,85,99,5.99,overcast clouds
295,Dandong,CN,40.13,124.39,36.77,74,0,8.46,clear sky
296,Hit,IQ,33.64,42.83,78.24,20,0,11.9,clear sky
297,Khandyga,RU,62.67,135.6,12.81,95,100,3.49,overcast clouds
298,Narnaund,IN,29.22,76.15,73.49,25,0,1.28,clear sky
299,Kiunga,PG,-6.12,141.29,72.19,96,78,1.45,broken clouds
300,Port Elizabeth,ZA,-33.92,25.57,68.0,88,20,10.29,few clouds
301,Lianzhou,CN,24.78,112.38,57.79,77,0,4.83,clear sky
302,Fotolivos,GR,41.07,24.07,64.0,72,0,2.24,clear sky
303,Nampula,MZ,-15.12,39.27,82.4,48,0,14.99,clear sky
304,Shingu,JP,33.73,135.98,69.85,91,100,8.7,moderate rain
305,Kawalu,ID,-7.38,108.21,72.43,91,96,1.5,light rain
306,Sorata,BO,-15.77,-68.63,56.07,63,58,10.31,light rain
307,Aklavik,CA,68.22,-135.01,17.6,85,90,8.05,light snow
308,Portland,US,45.52,-122.68,42.8,81,90,6.93,overcast clouds
309,Sinjhoro,PK,26.03,68.81,77.0,50,4,4.7,haze
310,Mantua,IT,45.17,10.78,57.0,91,85,1.99,overcast clouds
311,Sagua La Grande,CU,22.81,-80.08,84.2,74,75,11.41,broken clouds
312,Santa Rosa,PH,14.31,121.11,80.6,83,75,6.93,broken clouds
313,Demyansk,RU,57.64,32.47,49.86,92,100,9.51,light rain
314,Morris,US,40.83,-74.53,69.8,100,90,3.51,mist
315,Tilichiki,RU,60.47,166.1,31.14,98,80,4.85,broken clouds
316,Sibu,MY,2.3,111.82,77.0,88,40,1.12,heavy intensity rain
317,Hofn,IS,64.25,-15.21,41.0,80,90,13.87,shower rain
318,Labuhan,ID,-6.88,112.21,80.73,78,9,1.48,clear sky
319,Locri,IT,38.24,16.26,64.4,59,0,8.05,clear sky
320,Matara,LK,5.95,80.54,79.03,85,53,10.04,broken clouds
321,Cartagena,CO,10.4,-75.51,87.8,74,40,11.41,scattered clouds
322,Jiwani,PK,25.05,61.74,77.11,53,0,6.02,clear sky
323,Morgan City,US,29.7,-91.21,88.0,78,90,10.29,overcast clouds
324,Huarmey,PE,-10.07,-78.15,70.83,64,34,11.5,scattered clouds
325,Regina,CA,50.45,-104.62,25.0,67,75,14.99,broken clouds
326,Yangambi,CD,0.81,24.43,72.73,98,99,1.57,light rain
327,Novikovo,RU,51.15,37.89,50.29,70,94,8.97,overcast clouds
328,Howard Springs,AU,-12.5,131.05,79.0,88,77,1.12,broken clouds
329,Porbandar,IN,21.64,69.61,82.65,64,39,9.75,scattered clouds
330,Manta,EC,-0.95,-80.73,77.0,73,40,6.93,scattered clouds
331,Camabatela,AO,-8.19,15.38,65.25,99,93,5.48,light rain
332,Havre-Saint-Pierre,CA,50.23,-63.6,42.8,56,90,16.11,overcast clouds
333,Anadyr,RU,64.75,177.48,33.8,86,0,8.95,clear sky
334,Ekibastuz,KZ,51.67,75.37,39.52,70,80,15.23,broken clouds
335,Namibe,AO,-15.2,12.15,71.13,82,25,7.23,scattered clouds
336,Bridlington,GB,54.08,-0.19,51.8,66,31,11.41,scattered clouds
337,Timmins,CA,48.47,-81.33,37.4,78,90,6.93,overcast clouds
338,Lerwick,GB,60.15,-1.15,42.8,81,40,8.05,scattered clouds
339,Broken Hill,AU,-31.95,141.43,68.0,64,90,11.41,overcast clouds
340,Hirara,JP,24.8,125.28,74.26,85,100,30.74,overcast clouds
341,Boyolangu,ID,-8.12,111.89,76.41,88,50,3.49,scattered clouds
342,Kununurra,AU,-15.77,128.73,82.4,78,40,5.82,scattered clouds
343,Chippewa Falls,US,44.94,-91.39,34.0,86,90,9.17,mist
344,Mahibadhoo,MV,3.78,72.97,82.49,79,12,13.27,light rain
345,Palmer,US,42.16,-72.33,73.99,56,20,1.68,few clouds
346,Payo,ID,-3.75,103.64,74.03,89,100,1.12,light rain
347,Luanda,AO,-8.84,13.23,78.8,78,40,8.05,scattered clouds
348,Bibiani,GH,6.46,-2.32,78.69,77,31,3.11,light rain
349,Ruteng,ID,-8.61,120.47,63.81,100,46,1.83,scattered clouds
350,Roma,US,43.21,-75.46,60.8,67,90,4.7,light rain
351,Sena Madureira,BR,-9.07,-68.66,97.18,37,76,0.49,light rain
352,Alice,US,27.75,-98.07,86.0,66,20,6.93,few clouds
353,Taoudenni,ML,22.68,-3.98,87.12,13,4,2.53,clear sky
354,Prince Rupert,CA,54.32,-130.32,37.4,93,1,5.82,clear sky
355,Fairbanks,US,64.84,-147.72,17.01,92,1,8.05,clear sky
356,Linxia,CN,35.6,103.21,45.37,56,0,1.61,clear sky
357,Topchanchi,IN,23.9,86.2,74.3,88,41,4.0,scattered clouds
358,Bahia Blanca,AR,-38.72,-62.27,69.75,52,84,4.76,broken clouds
359,Sambava,MG,-14.27,50.17,75.2,78,32,14.63,scattered clouds
360,Erzurum,TR,40.0,41.5,48.2,49,0,5.82,clear sky
361,Narsaq,GL,60.92,-46.05,28.4,63,20,3.36,few clouds
362,Waitati,NZ,-45.75,170.57,50.0,87,100,3.0,overcast clouds
363,Abnub,EG,27.27,31.15,86.0,37,0,11.41,clear sky
364,Buraydah,SA,26.33,43.98,78.8,24,0,4.7,clear sky
365,Kisangani,CD,0.52,25.2,72.5,96,88,0.58,overcast clouds
366,Geraldton,AU,-28.77,114.6,53.6,81,0,8.05,clear sky
367,Zeya,RU,53.75,127.27,22.66,94,99,4.38,overcast clouds
368,Astoria,US,46.19,-123.83,50.0,100,90,3.36,fog
369,Douglas,US,41.3,-96.17,48.2,93,90,4.7,drizzle
370,Youghal,IE,51.95,-7.85,50.0,70,75,9.17,broken clouds
371,Bilibino,RU,68.05,166.44,15.78,95,15,2.33,few clouds
372,Moose Factory,CA,51.26,-80.61,35.6,75,40,4.7,scattered clouds
373,Manavalakurichi,IN,8.13,77.3,80.6,83,40,3.36,mist
374,Isangel,VU,-19.55,169.27,75.94,81,96,9.46,overcast clouds
375,Fillmore,US,43.67,-92.1,34.0,95,90,12.75,mist
376,Tarpon Springs,US,28.15,-82.76,87.01,55,59,6.93,broken clouds
377,Lewistown,US,40.6,-77.57,81.0,61,1,3.36,clear sky
378,Brigantine,US,39.41,-74.36,81.0,69,1,9.17,clear sky
379,Teluknaga,ID,-6.1,106.64,81.0,74,20,9.17,few clouds
380,Capao Bonito,BR,-24.01,-48.35,74.89,62,21,10.76,few clouds
381,Gasa,PS,31.5,34.47,79.0,61,0,2.24,clear sky
382,Royan,FR,45.63,-1.03,64.4,93,73,5.82,broken clouds
383,Fare,PF,-16.7,-151.02,79.36,75,1,9.46,clear sky
384,Constitucion,CL,-35.33,-72.42,61.38,60,1,12.73,clear sky
385,Zhanaozen,KZ,43.3,52.8,46.08,55,70,4.7,broken clouds
386,Arandis,NA,-22.42,14.97,64.0,79,0,3.0,clear sky
387,Ust-Shonosha,RU,61.15,41.34,30.25,96,99,9.78,overcast clouds
388,Hoi An,VN,15.88,108.33,73.4,78,75,2.24,broken clouds
389,Saint Anthony,US,45.02,-93.22,34.0,86,90,5.82,light rain
390,Acapulco,MX,16.86,-99.89,87.8,70,40,6.11,scattered clouds
391,Jogighopa,IN,26.23,90.58,75.49,91,94,3.6,light rain
392,Saint Austell,GB,50.34,-4.77,55.0,81,75,4.7,broken clouds
393,Nuuk,GL,64.18,-51.72,28.4,68,5,10.29,clear sky
394,Le Mars,US,42.79,-96.17,39.0,100,90,17.22,mist
395,Lucea,JM,18.45,-78.17,80.01,88,75,4.7,light intensity shower rain
396,Hamilton,US,39.18,-84.53,79.0,65,40,3.36,scattered clouds
397,La Rioja,ES,42.25,-2.5,64.4,82,20,4.7,few clouds
398,Domoni,KM,-12.26,44.53,78.57,72,37,1.5,scattered clouds
399,Ambon,ID,-3.7,128.18,75.2,94,40,6.93,scattered clouds
400,Whitewater,US,42.83,-88.73,48.0,94,100,10.71,overcast clouds
401,Sao Jose Da Coroa Grande,BR,-8.9,-35.15,81.84,71,48,11.34,scattered clouds
402,Wanning,CN,18.8,110.4,71.73,75,100,12.24,overcast clouds
403,San Cristobal,VE,7.77,-72.22,95.0,34,20,23.04,few clouds
404,Korla,CN,41.76,86.15,46.62,45,0,1.57,clear sky
405,Zarubino,RU,42.63,131.09,43.59,63,89,15.03,overcast clouds
406,Coquimbo,CL,-29.95,-71.34,59.0,72,40,11.41,scattered clouds
407,Jasidih,IN,24.52,86.65,74.55,89,17,4.72,few clouds
408,Tarko-Sale,RU,64.92,77.78,14.31,96,95,11.63,overcast clouds
409,Tefe,BR,-3.35,-64.71,87.8,79,40,5.82,scattered clouds
410,Keti Bandar,PK,24.14,67.45,82.29,52,31,8.14,scattered clouds
411,Sinnamary,GF,5.38,-52.95,87.3,63,37,11.7,scattered clouds
412,Rudnichnyy,RU,59.62,52.47,22.68,94,62,3.67,broken clouds
413,Aguada De Pasajeros,CU,22.39,-80.85,87.8,70,40,9.17,shower rain
414,Banda Aceh,ID,5.56,95.32,81.82,72,100,10.92,light rain
415,Heishan,CN,41.69,122.11,36.52,67,0,8.97,clear sky
416,Mogzon,RU,51.74,111.96,26.17,96,0,1.12,clear sky
417,Hobyo,SO,5.35,48.53,80.29,85,66,19.35,broken clouds
418,Taunggyi,MM,20.78,97.03,62.17,100,97,2.89,light rain
419,Genhe,CN,50.78,121.52,17.51,90,0,2.75,clear sky
420,Cavalcante,BR,-13.8,-47.46,88.12,36,82,3.53,broken clouds
421,Dzhebariki-Khaya,RU,62.22,135.8,15.98,94,100,4.0,overcast clouds
422,Paamiut,GL,61.99,-49.67,31.69,84,0,26.53,clear sky
423,Waddan,LY,29.16,16.14,68.5,38,0,7.96,clear sky
424,Ixtapa,MX,20.7,-105.2,87.8,70,20,4.7,few clouds
425,Eagle,US,43.7,-116.35,46.99,48,1,12.75,clear sky
426,Manadhoo,MV,5.77,73.38,81.64,80,2,11.32,light rain
427,Andijon,UZ,40.78,72.34,51.8,50,75,2.24,broken clouds
428,Bonavista,CA,48.65,-53.11,60.01,86,100,18.99,overcast clouds
429,Puksoozero,RU,62.59,40.61,28.74,96,99,10.25,overcast clouds
430,Araceli,PH,10.55,119.99,83.19,80,100,13.11,moderate rain
431,Kaabong,UG,3.48,34.15,73.62,49,53,11.81,broken clouds
432,Nome,US,64.5,-165.41,35.6,74,1,9.17,clear sky
433,Zhangye,CN,38.93,100.45,48.27,43,0,3.91,clear sky
434,Marsh Harbour,BS,26.54,-77.06,81.07,71,70,14.92,broken clouds
435,Sechura,PE,-5.56,-80.82,77.18,53,18,13.85,few clouds
436,Borzna,UA,51.25,32.43,52.88,69,69,11.95,broken clouds
437,Karla,EE,59.37,24.93,53.6,93,90,19.46,overcast clouds
438,Sioux Lookout,CA,50.1,-91.92,32.0,76,75,3.36,broken clouds
439,Bandarbeyla,SO,9.49,50.81,79.92,71,68,2.8,broken clouds
440,Ullapool,GB,57.9,-5.16,46.99,70,96,5.99,overcast clouds
441,Pisco,PE,-13.7,-76.22,71.6,60,0,13.87,clear sky
442,Mombetsu,JP,44.35,143.35,59.0,73,90,5.99,light rain
443,Yining,CN,29.04,114.56,53.98,83,0,1.99,light rain
444,Mitsamiouli,KM,-11.38,43.28,80.94,80,85,6.38,overcast clouds
445,Greifswald,DE,54.1,13.38,55.99,85,5,1.99,clear sky
446,Beloha,MG,-25.17,45.05,73.09,73,0,17.43,clear sky
447,Aranos,NA,-24.13,19.12,85.71,15,65,11.41,broken clouds
448,Qasigiannguit,GL,68.82,-51.19,28.4,79,75,11.41,light shower snow
449,Olafsvik,IS,64.89,-23.71,41.5,78,100,31.34,light rain
450,Carutapera,BR,-1.2,-46.02,83.71,70,79,7.34,light rain
451,Ubinskoye,RU,55.31,79.68,32.25,92,36,7.02,scattered clouds
452,Xianyang,CN,34.34,108.7,44.6,81,0,4.47,clear sky
453,Aksu,CN,41.12,80.26,47.77,41,33,0.4,scattered clouds
454,Port Lincoln,AU,-34.73,135.87,58.98,93,100,17.78,overcast clouds
455,Maniitsoq,GL,65.42,-52.9,26.38,86,16,4.27,few clouds
456,Tuy Hoa,VN,13.08,109.3,73.89,86,100,6.96,overcast clouds
457,College,US,64.86,-147.8,17.01,78,1,6.93,clear sky
458,Santa Cruz,BO,-17.8,-63.17,93.2,41,20,16.11,few clouds
459,Karratha,AU,-20.74,116.85,67.62,62,11,14.12,light rain
460,Kurmanayevka,RU,52.51,52.07,31.51,89,2,6.78,clear sky
461,Ulladulla,AU,-35.35,150.47,59.0,100,90,4.7,overcast clouds
462,Talnakh,RU,69.49,88.4,10.4,85,40,6.71,mist
463,Dhone,IN,15.42,77.88,77.67,79,100,2.13,overcast clouds
464,Searcy,US,35.25,-91.74,80.6,69,75,8.05,broken clouds
465,Leh,IN,34.17,77.58,36.41,57,1,1.32,clear sky
466,Simav,TR,39.09,28.98,58.21,66,42,5.48,scattered clouds
467,Champerico,GT,14.3,-91.92,86.0,74,40,6.93,scattered clouds
468,Ola,RU,59.58,151.28,29.46,92,89,10.25,overcast clouds
469,Pemangkat,ID,1.17,108.97,80.08,82,100,8.3,light rain
470,Adrar,MR,20.5,-10.07,91.92,13,28,3.53,scattered clouds
471,Ust-Tsilma,RU,65.44,52.15,21.92,96,0,3.6,clear sky
472,Santa Maria,BR,-29.68,-53.81,83.71,54,55,10.89,broken clouds
473,Dzaoudzi,YT,-12.79,45.27,78.8,83,0,4.7,clear sky
474,Shenjiamen,CN,29.96,122.3,63.59,71,5,22.53,clear sky
475,Iqaluit,CA,63.75,-68.51,30.2,74,75,6.93,broken clouds
476,Khani,GE,41.96,42.96,59.0,87,0,4.7,clear sky
477,Vila Velha,BR,-20.33,-40.29,75.0,94,75,2.24,shower rain
478,Brookhaven,US,31.58,-90.44,84.0,70,12,5.1,few clouds
479,Galabovo,BG,42.14,25.87,62.01,58,20,1.23,few clouds
480,Plettenberg Bay,ZA,-34.05,23.37,64.29,85,0,6.49,clear sky
481,La Ronge,CA,55.1,-105.28,24.8,79,90,8.05,overcast clouds
482,Lipari,IT,38.47,14.95,64.0,74,3,6.33,clear sky
483,Penzance,GB,50.12,-5.54,55.0,87,75,5.82,broken clouds
484,Aljezur,PT,37.32,-8.8,62.17,78,0,7.25,clear sky
485,Lima,PE,-12.04,-77.03,68.0,68,40,10.29,scattered clouds
486,Vaitape,PF,-16.52,-151.75,79.43,75,18,10.4,few clouds
487,Robertsport,LR,6.75,-11.37,80.96,78,96,8.34,overcast clouds
488,Poum,NC,-20.23,164.02,75.85,79,79,9.62,light rain
489,Tarakan,ID,3.3,117.63,81.7,82,99,9.91,overcast clouds
490,Nkoteng,CM,4.52,12.03,71.29,90,81,2.08,broken clouds
491,Kargil,IN,34.57,76.1,37.54,69,2,5.86,clear sky
492,Ahuimanu,US,21.44,-157.84,73.4,100,40,2.35,scattered clouds
493,Westport,US,41.14,-73.36,72.0,73,40,4.7,scattered clouds
494,Burnie,AU,-41.07,145.92,50.32,89,100,6.29,overcast clouds
495,Srandakan,ID,-7.94,110.25,77.65,86,47,4.59,moderate rain
496,Tatvan,TR,38.51,42.28,52.3,46,0,2.17,clear sky
497,Chimore,BO,-16.98,-65.13,90.41,48,37,4.29,light rain
498,Lubumbashi,CD,-11.66,27.48,76.91,36,83,6.2,broken clouds
499,Am Timan,TD,11.03,20.28,81.95,32,30,4.36,scattered clouds
500,Sokoto,NG,13.06,5.24,85.32,15,7,3.87,clear sky
501,Sarakhs,IR,36.54,61.16,60.8,38,0,4.7,clear sky
502,Joshimath,IN,30.57,79.57,49.15,49,12,3.18,few clouds
503,Lazaro Cardenas,MX,17.96,-102.2,86.56,69,100,3.15,overcast clouds
504,Ojinaga,MX,29.57,-104.42,82.4,34,1,4.7,clear sky
505,Houma,US,29.6,-90.72,87.01,66,75,11.41,broken clouds
506,Obzor,BG,42.82,27.88,64.4,82,0,9.17,clear sky
507,Puerto Carreno,CO,6.19,-67.49,93.22,51,46,1.88,scattered clouds
508,Areosa,PT,41.72,-8.86,61.0,77,40,3.36,scattered clouds
509,Sisimiut,GL,66.94,-53.67,27.48,89,41,7.92,scattered clouds
510,Krasnyy Kholm,RU,58.06,37.12,41.65,94,100,14.47,overcast clouds
511,Acajutla,SV,13.59,-89.83,84.2,62,20,4.7,few clouds
512,Takoradi,GH,4.88,-1.76,79.02,85,23,9.31,few clouds
513,Ketchikan,US,55.34,-131.65,39.2,93,75,3.36,broken clouds
514,Tautira,PF,-17.73,-149.15,80.6,74,20,8.1,few clouds
515,Sumbe,AO,-11.21,13.84,77.04,78,61,6.11,broken clouds
516,Maceio,BR,-9.67,-35.74,86.0,62,75,13.87,broken clouds
517,Sept-Iles,CA,50.2,-66.38,43.0,70,75,10.29,broken clouds
518,Yaring,TH,6.87,101.37,79.41,83,100,6.29,heavy intensity rain
519,Sulmona,IT,42.05,13.93,60.8,82,0,3.36,clear sky
520,Flinders,AU,-34.58,150.86,63.0,88,15,5.19,few clouds
521,Shahrud,IR,36.42,54.98,53.65,64,0,9.22,clear sky
522,Dana Point,US,33.47,-117.7,69.01,72,98,6.62,overcast clouds
523,Marystown,CA,47.17,-55.15,57.99,100,99,8.99,overcast clouds
524,Skjervoy,NO,70.03,20.97,30.2,74,75,4.7,light snow
525,Usinsk,RU,65.99,57.53,26.35,97,99,13.53,overcast clouds
526,Kefamenanu,ID,-9.45,124.48,72.66,88,79,0.78,broken clouds
527,Tecoanapa,MX,16.52,-98.75,85.95,65,86,7.83,overcast clouds
528,Pangody,RU,65.85,74.49,15.51,97,100,7.63,overcast clouds
529,Sabzevar,IR,36.21,57.68,52.93,61,21,3.67,few clouds
530,Presidente Epitacio,BR,-21.76,-52.12,93.02,35,47,9.37,scattered clouds
531,Makakilo City,US,21.35,-158.09,73.4,94,1,3.36,clear sky
532,Waingapu,ID,-9.66,120.26,79.43,75,15,2.66,few clouds
533,San Borja,BO,-14.82,-66.85,102.0,27,5,5.5,clear sky
534,Prosec,CZ,49.81,16.12,50.0,8,82,7.0,broken clouds
535,Rovaniemi,FI,66.5,25.72,30.2,100,90,8.05,overcast clouds
536,Port Moresby,PG,-9.44,147.18,78.8,88,40,5.82,scattered clouds
537,Ikalamavony,MG,-21.15,46.58,67.24,63,0,10.71,clear sky
538,Havelock,US,34.88,-76.9,81.0,65,1,14.99,clear sky
539,Ous,RU,60.91,61.52,21.87,95,33,5.32,scattered clouds
540,Yekaterinovka,RU,52.05,44.35,40.15,83,100,7.76,light rain
541,Amuntai,ID,-2.42,115.25,76.12,89,62,0.65,broken clouds
542,Motozintla,MX,15.37,-92.23,87.8,74,40,2.26,scattered clouds
543,Puerto Madryn,AR,-42.77,-65.04,72.9,30,2,22.24,clear sky
544,Floro,NO,61.6,5.03,44.6,74,20,13.87,few clouds
545,Murchison,NZ,-41.8,172.33,40.46,77,66,0.25,broken clouds
546,Aleksandrovskiy Zavod,RU,50.92,117.94,23.5,85,0,2.64,clear sky
547,Kokstad,ZA,-30.55,29.42,60.13,80,75,4.56,light rain
548,Mbanza-Ngungu,CD,-5.25,14.87,75.09,80,69,6.35,broken clouds
549,Ternate,ID,0.8,127.4,80.83,81,21,3.22,few clouds
550,Pierre,US,44.37,-100.35,30.0,86,90,11.41,snow
551,Lampazos De Naranjo,MX,27.02,-100.52,86.07,45,0,5.64,clear sky
552,Manoharpur,IN,27.3,75.95,80.6,36,20,2.24,haze
553,Antofagasta,CL,-23.65,-70.4,66.0,72,75,12.75,broken clouds
554,Moron,AR,-34.65,-58.62,64.0,93,100,3.0,moderate rain
555,Bowen,AU,-20.02,148.23,64.4,93,36,3.36,scattered clouds
556,Halifax,CA,44.65,-63.57,68.0,60,75,9.17,broken clouds
557,Whitehorse,CA,60.72,-135.05,8.6,84,90,3.36,light snow
558,Manado,ID,1.49,124.85,73.4,94,20,2.24,few clouds
559,Pangnirtung,CA,66.15,-65.71,26.6,100,90,4.7,light snow
560,Peleduy,RU,59.63,112.74,32.16,95,100,5.5,overcast clouds
561,San Francisco,US,37.77,-122.42,70.0,68,20,6.24,few clouds
562,Shadrinsk,RU,56.09,63.63,29.5,93,93,10.92,overcast clouds
563,Matamoros,MX,25.53,-103.25,80.6,34,5,3.33,clear sky
564,Cap Malheureux,MU,-19.98,57.61,72.0,75,0,1.99,clear sky
565,Salalah,OM,17.02,54.09,84.2,58,20,2.24,few clouds
566,Gravelbourg,CA,49.88,-106.55,20.88,92,58,10.2,broken clouds
567,Darhan,MN,49.49,105.92,32.63,86,0,6.35,clear sky
568,Kaset Sombun,TH,16.28,101.95,70.03,84,37,2.17,light rain
569,Marechal Candido Rondon,BR,-24.56,-54.06,89.6,38,0,13.87,clear sky
570,Pacifica,US,37.61,-122.49,68.0,68,20,2.01,few clouds
571,Vieques,PR,18.43,-65.83,91.4,52,40,10.29,scattered clouds
572,Dunedin,NZ,-45.87,170.5,50.0,87,100,3.0,overcast clouds
573,Puerto Escondido,MX,15.85,-97.07,86.0,70,20,4.7,few clouds
574,Itambacuri,BR,-18.03,-41.69,80.91,59,85,9.26,light rain
575,Eufaula,US,31.89,-85.15,82.99,75,7,8.7,clear sky
576,Shitanjing,CN,39.23,106.34,39.34,59,0,6.98,clear sky
577,Havoysund,NO,71.0,24.66,35.6,69,75,17.22,broken clouds
578,Chara,RU,56.91,118.26,11.89,85,50,0.36,scattered clouds
579,Carora,VE,10.18,-70.08,93.78,37,2,4.07,clear sky
580,Marovoay,MG,-16.1,46.63,82.4,61,40,5.82,scattered clouds
581,Luau,AO,-10.71,22.22,69.89,80,81,1.1,light rain
582,Sarangani,PH,5.4,125.46,83.43,70,73,1.88,broken clouds
583,Pochutla,MX,15.74,-96.47,91.0,62,75,5.32,broken clouds
584,Binga,ZW,-17.62,27.34,82.22,40,5,6.02,clear sky
585,Mehamn,NO,71.04,27.85,35.6,80,0,14.99,clear sky
586,Bambanglipuro,ID,-7.95,110.28,77.61,86,47,4.74,moderate rain
587,Kussnacht,CH,47.09,8.44,60.8,63,75,3.31,broken clouds
588,Vila,PT,42.03,-8.16,53.01,89,23,4.18,few clouds
589,Longido,TZ,-2.73,36.68,72.54,60,65,13.58,broken clouds
590,Damaturu,NG,11.75,11.96,89.17,13,11,10.4,few clouds
591,Shaunavon,CA,49.65,-108.42,17.06,93,61,10.13,broken clouds
592,Benjamin Hill,MX,30.17,-111.1,86.0,70,0,5.99,clear sky
593,Ambatondrazaka,MG,-17.83,48.42,60.39,87,11,5.23,few clouds
594,Kloulklubed,PW,7.04,134.26,77.0,88,90,11.97,overcast clouds
595,La Crosse,US,43.8,-91.24,37.4,86,90,9.17,overcast clouds
596,Yakeshi,CN,49.28,120.73,15.82,92,0,4.27,clear sky
597,Touros,BR,-5.2,-35.46,80.6,83,75,11.41,shower rain
598,Avallon,FR,47.48,3.9,57.99,91,96,9.46,overcast clouds
599,Tessalit,ML,20.2,1.01,92.01,10,0,11.05,clear sky
600,Bonita,US,32.66,-117.03,71.01,60,75,3.36,broken clouds
601,Nadym,RU,65.53,72.52,19.0,97,100,13.65,overcast clouds
602,Starkville,US,33.45,-88.82,82.99,69,40,5.82,scattered clouds
603,Shubarkuduk,KZ,49.14,56.49,31.39,88,21,5.82,few clouds
604,Zhigalovo,RU,54.81,105.16,31.17,95,0,2.46,clear sky
605,Tabat,ID,-2.63,115.23,75.99,87,72,0.67,broken clouds
606,Misratah,LY,32.38,15.09,71.37,54,1,11.81,clear sky
607,Rawson,AR,-43.3,-65.1,75.11,25,0,12.06,clear sky
608,Zhuhai,CN,22.28,113.57,75.2,53,20,21.92,few clouds
609,Gornozavodsk,RU,58.38,58.32,18.72,97,66,6.02,broken clouds
610,Thunder Bay,CA,48.4,-89.32,39.0,83,90,4.45,overcast clouds
611,Iranshahr,IR,27.2,60.68,71.6,6,0,6.93,clear sky
612,Saran,FR,47.95,1.88,60.8,87,0,6.93,clear sky
613,Oranjestad,AW,12.52,-70.03,91.4,63,20,20.8,few clouds
614,Shimanovsk,RU,52.0,127.7,25.41,96,88,9.17,light snow
615,Linares,CL,-35.85,-71.6,75.54,38,0,5.12,clear sky
616,Ushirombo,TZ,-3.49,31.96,74.07,57,98,5.06,overcast clouds
617,North Augusta,US,33.5,-81.97,84.0,58,75,8.05,broken clouds
618,Fasa,IR,28.94,53.65,57.2,19,0,1.83,clear sky
619,Nerchinskiy Zavod,RU,51.31,119.61,22.86,85,0,2.62,clear sky
620,Marfino,RU,55.7,37.38,43.0,93,75,8.95,mist
621,Abha,SA,18.22,42.51,69.8,9,0,13.87,clear sky
622,Luyang,CN,27.62,110.1,56.16,76,0,2.55,light rain
623,Muros,ES,42.78,-9.06,61.0,80,41,11.01,scattered clouds
624,Shasta Lake,US,40.68,-122.37,62.6,20,1,29.97,clear sky
625,Tongliao,CN,43.61,122.27,30.78,83,0,8.97,clear sky
626,Boende,CD,-0.22,20.87,73.4,95,75,1.14,broken clouds
627,Rafaela,AR,-31.25,-61.49,80.01,47,64,1.99,broken clouds
628,Tonantins,BR,-2.87,-67.8,89.11,62,71,3.47,broken clouds
629,Chumikan,RU,54.72,135.31,31.66,91,41,8.75,scattered clouds
630,Ridgecrest,US,35.62,-117.67,73.0,19,20,1.74,smoke
631,Juneau,US,58.3,-134.42,30.99,42,20,8.05,few clouds
632,Port-De-Bouc,FR,43.4,4.98,71.6,56,0,16.11,clear sky
633,Burgeo,CA,47.62,-57.62,54.52,73,57,25.93,broken clouds
634,Ranau,MY,5.95,116.66,78.01,100,40,13.87,scattered clouds
635,Baruun-Urt,MN,46.68,113.28,25.77,92,0,4.18,clear sky
636,Hyeres,FR,43.12,6.12,66.2,82,0,12.75,clear sky
637,Padang,ID,-0.95,100.35,79.56,64,100,2.8,heavy intensity rain
638,Ginda,IN,30.69,78.49,52.41,47,8,5.57,clear sky
639,Nizwa,OM,22.93,57.53,69.04,22,0,3.36,clear sky
640,Shieli,KZ,44.17,66.75,47.66,52,100,7.4,overcast clouds
641,Strelka,RU,58.07,93.03,42.12,78,96,11.99,overcast clouds
642,Jinchang,CN,38.5,102.17,44.04,52,0,2.13,clear sky
643,Yatou,CN,37.15,122.38,48.42,53,5,12.17,light rain
644,Izumo,JP,35.37,132.77,62.6,93,90,18.34,overcast clouds
645,Shagonar,RU,51.53,92.8,35.11,81,15,0.38,few clouds
646,Miles City,US,46.41,-105.84,24.8,85,90,18.34,mist
647,Saint-Francois,FR,46.42,3.91,64.99,68,0,8.05,clear sky
648,Masallatah,LY,32.62,14.0,67.68,63,0,13.73,clear sky
649,Nizhniy Tsasuchey,RU,50.52,115.13,28.24,93,0,2.73,clear sky
650,Tawau,MY,4.25,117.89,78.8,94,20,1.12,few clouds
651,Finschhafen,PG,-6.6,147.87,79.39,74,97,4.79,light rain
652,Rancho Palos Verdes,US,33.74,-118.39,70.0,68,90,3.36,overcast clouds
653,Arica,CL,-18.48,-70.3,70.0,68,0,17.22,clear sky
654,Souris,CA,49.62,-100.26,28.99,63,90,3.36,overcast clouds
655,Weida,DE,50.77,12.07,62.01,73,99,1.01,overcast clouds
656,Port Hardy,CA,50.7,-127.42,39.2,93,40,2.24,scattered clouds
657,Miram Shah,PK,33.01,70.07,62.53,27,0,3.85,clear sky
658,Umm Lajj,SA,25.02,37.27,81.32,54,0,10.65,clear sky
659,Osypenko,UA,46.91,36.83,59.0,100,28,10.0,scattered clouds
660,Shelburne,CA,44.08,-80.2,52.0,81,90,2.24,overcast clouds
661,Tokur,RU,53.13,132.9,23.81,98,98,2.35,light snow
662,Jeremie,HT,18.65,-74.12,83.21,71,100,4.29,overcast clouds
663,Santa Fe,AR,-31.63,-60.7,81.0,58,52,4.0,moderate rain
664,Zabol,AF,32.25,67.25,47.84,36,0,11.14,clear sky
665,Berdigestyakh,RU,62.1,126.7,9.48,95,27,3.18,scattered clouds
666,Chivilcoy,AR,-34.9,-60.02,59.0,96,100,7.0,light rain
667,Terrak,NO,65.09,12.37,35.6,80,20,1.12,few clouds
668,Tommot,RU,58.96,126.29,9.21,92,13,1.43,few clouds
669,Dunkirk,FR,51.05,2.37,57.0,86,50,9.4,scattered clouds
670,Komsomolskiy,UZ,40.43,71.72,55.4,54,89,2.24,overcast clouds
671,Concepcion,CL,-36.83,-73.05,62.6,59,0,12.75,clear sky
672,Kudahuvadhoo,MV,2.67,72.89,82.18,80,52,13.96,light rain
673,Dhola,IN,21.88,71.78,86.09,38,92,2.21,overcast clouds
674,Edgewater,US,28.99,-80.9,86.0,74,75,16.11,broken clouds
675,Berlevag,NO,70.86,29.09,32.0,77,0,14.99,clear sky
676,Curillo,CO,1.03,-75.92,86.5,60,74,3.58,light rain
677,Itoman,JP,26.12,127.67,73.4,94,75,29.97,broken clouds
678,Katherine,AU,-14.47,132.27,86.0,62,40,6.93,scattered clouds
679,Dubbo,AU,-32.25,148.62,60.8,77,2,10.29,clear sky
680,Egvekinot,RU,66.32,-179.17,27.79,97,67,2.62,broken clouds
681,Kuito,AO,-12.38,16.93,68.11,65,81,8.05,broken clouds
682,Pakenham,AU,-38.07,145.48,55.0,93,87,3.67,light rain
683,Niquero,CU,20.04,-77.58,81.86,77,99,8.52,overcast clouds
684,Csavoly,HU,46.19,19.15,57.79,69,1,6.2,clear sky
685,Mata,PT,40.68,-7.46,57.0,79,11,4.27,few clouds
686,Diego De Almagro,CL,-26.37,-70.05,82.6,17,0,12.8,clear sky
687,Coahuayana,MX,18.73,-103.68,80.6,78,40,3.98,scattered clouds
688,Jawhar,SO,2.78,45.5,80.37,77,71,14.92,broken clouds
689,Ust-Kuyga,RU,70.02,135.6,1.83,92,68,7.23,broken clouds
690,Joao Pinheiro,BR,-17.74,-46.17,83.1,56,32,6.82,scattered clouds
691,Antsohihy,MG,-14.88,47.99,80.42,46,30,9.35,scattered clouds
692,Hodonin,CZ,48.85,17.13,52.0,87,0,6.02,clear sky
693,Karachi,PK,24.91,67.08,73.4,40,18,7.54,haze
694,Dudinka,RU,69.41,86.18,10.4,85,40,6.71,mist
695,Manggar,ID,-2.88,108.27,80.49,79,99,4.85,overcast clouds
696,Dubovka,RU,49.06,44.83,48.2,66,75,6.71,light rain
697,Atlantic City,US,39.36,-74.42,81.0,69,1,9.17,clear sky
698,Igarka,RU,67.47,86.58,10.78,96,93,9.71,overcast clouds
699,Shimoda,JP,34.67,138.95,60.01,92,100,1.01,overcast clouds
700,Alto Araguaia,BR,-17.31,-53.22,92.48,30,32,4.83,scattered clouds
701,Cedral,MX,23.8,-100.73,76.35,29,4,1.74,clear sky
702,Nanakuli,US,21.39,-158.15,73.4,94,1,3.36,clear sky
703,Bueno Brandao,BR,-22.44,-46.35,75.2,57,32,5.17,scattered clouds
704,Hay River,CA,60.82,-115.8,24.8,85,90,14.99,light snow
705,Perleberg,DE,53.07,11.87,62.01,82,22,3.0,few clouds
706,Veraval,IN,20.9,70.37,82.51,73,51,9.46,broken clouds
707,Tual,ID,-5.67,132.75,82.13,79,75,8.68,broken clouds
708,Srednekolymsk,RU,67.45,153.68,14.31,91,100,1.54,overcast clouds
709,Arlit,NE,18.74,7.39,93.78,11,0,17.0,clear sky
710,Manzanillo,CU,20.34,-77.12,85.42,67,77,1.07,broken clouds
711,Merauke,ID,-8.47,140.33,76.35,86,53,10.51,broken clouds
